-- MySQL dump 10.11
--
-- Host: localhost    Database: playersdb
-- ------------------------------------------------------
-- Server version	5.0.41-community-nt

/*!40101 SET @OLD_CHARACTER_SET_CLIENT=@@CHARACTER_SET_CLIENT */;
/*!40101 SET @OLD_CHARACTER_SET_RESULTS=@@CHARACTER_SET_RESULTS */;
/*!40101 SET @OLD_COLLATION_CONNECTION=@@COLLATION_CONNECTION */;
/*!40101 SET NAMES utf8 */;
/*!40103 SET @OLD_TIME_ZONE=@@TIME_ZONE */;
/*!40103 SET TIME_ZONE='+00:00' */;
/*!40014 SET @OLD_UNIQUE_CHECKS=@@UNIQUE_CHECKS, UNIQUE_CHECKS=0 */;
/*!40014 SET @OLD_FOREIGN_KEY_CHECKS=@@FOREIGN_KEY_CHECKS, FOREIGN_KEY_CHECKS=0 */;
/*!40101 SET @OLD_SQL_MODE=@@SQL_MODE, SQL_MODE='NO_AUTO_VALUE_ON_ZERO' */;
/*!40111 SET @OLD_SQL_NOTES=@@SQL_NOTES, SQL_NOTES=0 */;

--
-- Table structure for table `batting_stats`
--

DROP TABLE IF EXISTS `batting_stats`;
CREATE TABLE `batting_stats` (
  `player_id` int(11) NOT NULL,
  `odi` int(11) NOT NULL,
  `test` int(11) NOT NULL,
  `t20` int(11) NOT NULL,
  PRIMARY KEY  (`player_id`),
  KEY `batting_profile_fk` (`player_id`),
  CONSTRAINT `batting_profile_fk` FOREIGN KEY (`player_id`) REFERENCES `player` (`player_id`) ON DELETE CASCADE ON UPDATE CASCADE
) ENGINE=InnoDB DEFAULT CHARSET=utf8;

--
-- Dumping data for table `batting_stats`
--

LOCK TABLES `batting_stats` WRITE;
/*!40000 ALTER TABLE `batting_stats` DISABLE KEYS */;
INSERT INTO `batting_stats` VALUES (1,0,0,0),(2,0,0,0),(3,0,0,0),(4,16,17,2),(5,0,0,0),(6,0,0,0),(7,0,1,0),(8,2,3,0),(9,0,0,0),(10,0,0,0),(11,0,0,0),(12,0,0,0),(13,0,0,0),(14,0,0,0),(15,0,0,0),(16,0,0,0),(17,0,0,0),(18,3,19,1),(19,0,0,0),(20,0,0,0),(21,1,19,0),(22,8,28,0),(23,0,29,0),(24,0,0,0),(25,2,0,0),(26,0,0,0),(27,0,0,0),(28,0,0,0),(29,1,0,0),(30,0,0,0),(31,1,1,0),(32,0,0,0),(33,0,0,0),(34,0,0,0),(35,0,0,0),(36,18,20,0),(37,3,32,0),(38,0,0,0),(39,0,0,0),(40,5,0,0),(41,0,2,0),(42,6,2,1),(43,0,0,0),(44,3,27,0),(45,0,0,0),(46,9,4,1),(47,0,4,0),(48,0,0,0),(49,0,0,0),(50,0,0,0),(51,10,30,0),(52,0,0,0),(53,3,2,1),(54,30,41,0),(55,0,0,0),(56,0,0,0),(57,0,15,0),(58,0,0,0),(59,4,5,0),(60,0,14,0),(61,0,0,0),(62,0,0,0),(63,1,0,0),(64,0,0,0),(65,0,1,0),(66,2,4,0),(67,5,13,0),(68,2,0,0),(69,0,0,0),(70,0,0,0),(71,0,0,0),(72,2,8,0),(73,1,10,0),(74,0,0,0),(75,3,12,2),(76,0,0,0),(120,0,0,0),(121,5,10,0),(122,0,0,0),(123,4,9,0),(124,0,16,0),(125,0,0,0),(126,0,3,0),(127,0,0,0),(128,0,0,0),(129,4,11,0),(130,0,22,0),(131,4,15,0),(132,4,14,0),(133,0,0,0),(134,0,0,0),(135,0,0,0),(136,0,0,0),(137,1,0,0),(138,7,2,0),(139,0,0,0),(140,0,0,0),(141,0,4,0),(142,3,5,0),(143,0,1,0),(144,4,9,0),(145,9,23,1),(146,0,0,0),(147,0,0,0),(148,3,5,0),(149,0,7,0),(150,0,0,0),(151,0,0,0),(152,0,0,0),(153,7,18,0),(154,0,0,0),(155,0,0,0),(156,0,0,0),(157,0,0,0),(158,0,0,0),(159,0,0,0),(160,1,3,0),(162,3,21,0),(163,0,0,0),(164,0,0,0),(165,0,0,0),(166,1,1,0),(167,0,14,0),(168,0,0,0),(169,0,0,0),(170,1,22,0),(171,0,0,0),(172,5,25,0),(173,0,8,0),(174,0,0,0),(175,8,20,0),(176,0,0,0),(177,12,14,0),(178,0,0,0),(179,0,0,0),(180,1,14,0),(181,0,1,0),(182,0,19,0),(183,0,0,0),(184,0,17,0),(185,0,0,0),(186,0,1,0),(187,0,2,0),(188,1,0,0),(189,0,0,0),(190,6,21,0),(191,0,0,0),(192,0,15,0),(193,5,6,0),(194,0,0,0),(195,0,1,0),(196,0,0,0),(197,0,0,0),(198,0,2,0),(199,0,0,0),(200,0,0,0),(201,0,5,2),(202,0,0,0),(203,0,1,0),(204,0,0,0),(205,0,5,0),(206,4,1,1),(207,0,0,0),(208,0,0,0),(209,15,23,2),(210,13,3,0),(211,9,6,0),(212,0,0,1),(213,0,1,0),(214,0,0,0),(215,0,0,0),(216,4,2,0),(217,49,51,1),(218,0,0,0),(219,0,0,0),(220,0,0,0),(221,0,0,0),(222,0,0,0),(223,0,0,0),(224,11,9,0),(225,0,0,0),(226,12,36,0),(227,0,6,0),(228,0,0,0),(229,0,0,0),(230,0,0,0),(231,22,16,0),(232,5,2,1),(233,0,0,0),(234,0,0,0),(235,0,0,0),(236,2,4,0),(237,1,34,0),(238,0,0,0),(239,0,0,0),(240,0,0,0),(241,2,3,1),(242,6,17,0),(243,1,0,0),(244,0,2,0),(245,0,0,0),(246,1,8,0),(247,0,1,0),(248,0,0,0),(249,0,0,0),(250,0,0,0),(251,0,0,0),(252,0,0,0),(253,6,2,0),(254,21,10,0),(255,0,2,0),(256,1,12,0),(257,0,0,0),(258,0,0,0),(259,0,0,0),(260,0,2,0),(261,0,1,0),(262,0,0,0),(263,0,0,0),(264,0,0,0),(265,0,0,0),(266,3,3,0),(267,0,0,0),(268,3,3,0),(269,0,0,0),(270,8,9,0),(271,0,0,0),(272,0,4,0),(273,0,1,0),(274,1,0,0),(275,0,0,0),(276,1,0,0),(277,0,1,0),(278,1,1,0),(279,0,0,0),(280,0,0,0),(281,4,9,0),(282,4,17,0),(283,1,5,0),(284,0,0,0),(285,0,0,0),(286,5,11,1),(287,16,11,0),(288,0,0,0),(289,0,0,0),(290,0,1,0),(291,0,6,0),(292,0,6,0),(293,0,0,0),(294,0,0,0),(295,11,12,0),(296,0,0,0),(297,0,2,0),(298,0,0,0),(299,0,0,0),(300,2,3,0),(301,0,0,0),(302,4,5,0),(303,4,5,0),(304,0,0,0),(305,0,0,0),(306,5,2,0),(307,1,0,0),(308,3,7,0),(309,0,4,0),(310,0,1,0),(376,21,14,0),(377,0,0,0),(378,0,0,0),(379,17,45,0),(380,6,0,0),(381,0,8,0),(382,0,0,0),(383,0,0,0),(384,0,0,0),(385,0,0,0),(386,0,0,0),(387,0,0,0),(388,0,1,0),(389,0,0,0),(390,0,0,0),(391,18,21,1),(392,2,4,0),(393,0,0,0),(394,0,0,1),(395,13,21,0),(396,17,23,0),(397,1,3,0),(398,0,0,0),(399,3,4,0),(400,2,4,0),(401,0,0,0),(402,0,0,0),(403,0,0,0),(404,0,0,0),(405,2,5,0),(406,0,0,0),(407,0,0,0),(408,0,0,0),(409,3,14,0),(410,3,4,0),(411,0,0,0),(412,10,27,0),(413,1,2,0),(414,0,7,0),(415,1,5,0),(416,0,0,0),(417,0,0,0),(418,0,0,0),(419,0,0,0),(420,0,0,0),(421,0,5,0),(422,3,0,0),(423,4,3,0),(424,0,3,0),(425,0,0,0),(426,1,0,0),(427,0,0,0),(428,0,1,0),(429,0,0,0),(430,0,0,0),(431,0,0,0),(432,0,0,0),(433,0,0,0),(434,0,0,0),(435,7,13,0),(436,2,6,0),(437,2,4,0),(438,0,0,0),(439,0,0,0),(440,0,0,0),(441,0,0,0),(442,0,1,0),(443,1,2,0),(444,0,0,0),(445,0,0,0),(446,19,34,0),(447,0,0,0),(448,0,0,0),(449,0,0,0),(450,2,3,0),(451,0,0,0),(452,0,0,0),(453,0,6,0),(454,1,0,0),(455,0,0,0),(456,0,26,0),(457,0,0,0),(458,3,0,0),(459,0,0,0),(460,0,0,0),(461,0,1,0),(462,0,0,0),(463,2,0,0),(464,0,0,0),(465,0,0,0),(466,0,0,0),(467,0,0,0),(468,0,0,0),(469,1,19,0),(470,0,0,0),(471,11,30,0),(472,0,0,0),(473,1,1,0),(474,0,0,0),(475,17,18,0),(476,0,0,0),(477,0,0,0),(478,0,0,0),(479,0,3,0),(480,11,24,0),(481,5,15,0),(482,0,1,0),(483,0,0,0),(484,0,15,0),(485,0,0,0),(486,0,0,0),(487,0,0,0),(488,0,0,0),(489,21,15,4),(490,0,0,0),(491,7,6,0),(492,0,0,0),(493,1,0,1);
/*!40000 ALTER TABLE `batting_stats` ENABLE KEYS */;
UNLOCK TABLES;

--
-- Table structure for table `bowling_stats`
--

DROP TABLE IF EXISTS `bowling_stats`;
CREATE TABLE `bowling_stats` (
  `player_id` int(11) NOT NULL,
  `odi` int(11) NOT NULL,
  `test` int(11) NOT NULL,
  `t20` int(11) NOT NULL,
  PRIMARY KEY  (`player_id`),
  KEY `bowling_profile_fk` (`player_id`),
  CONSTRAINT `bowling_profile_fk` FOREIGN KEY (`player_id`) REFERENCES `player` (`player_id`) ON DELETE CASCADE ON UPDATE CASCADE
) ENGINE=InnoDB DEFAULT CHARSET=utf8;

--
-- Dumping data for table `bowling_stats`
--

LOCK TABLES `bowling_stats` WRITE;
/*!40000 ALTER TABLE `bowling_stats` DISABLE KEYS */;
INSERT INTO `bowling_stats` VALUES (1,0,0,0),(2,82,39,0),(3,53,94,0),(4,0,0,1),(5,62,50,37),(6,0,0,0),(7,142,259,0),(8,0,0,0),(9,8,0,11),(10,293,708,57),(11,5,0,1),(12,1,0,0),(13,62,5,23),(14,67,0,14),(15,156,17,10),(16,0,4,0),(17,0,0,0),(18,2,7,0),(19,0,99,0),(20,380,310,25),(21,0,1,0),(22,56,31,2),(23,0,2,0),(24,12,43,0),(25,12,5,1),(26,174,12,0),(27,15,0,0),(28,0,0,0),(29,47,6,43),(30,11,138,0),(31,1,0,17),(32,1,0,28),(33,10,12,0),(34,6,208,0),(35,381,563,12),(36,85,59,0),(37,195,92,0),(38,2,246,0),(39,15,192,0),(40,2,0,1),(41,0,0,0),(42,133,24,20),(43,203,291,0),(44,73,39,0),(45,16,0,3),(46,164,74,55),(47,0,0,0),(48,63,63,0),(49,5,1,16),(50,108,6,0),(51,0,0,0),(52,13,7,1),(53,0,0,0),(54,3,5,0),(55,24,7,2),(56,0,0,0),(57,4,49,0),(58,44,113,45),(59,52,15,0),(60,0,1,0),(61,78,58,0),(62,0,0,0),(63,0,0,0),(64,0,0,0),(65,221,283,41),(66,0,0,0),(67,12,2,0),(68,0,0,0),(69,55,7,0),(70,67,113,0),(71,7,13,0),(72,27,14,0),(73,0,21,0),(74,53,50,14),(75,0,4,0),(76,35,9,0),(120,13,0,19),(121,111,17,5),(122,29,79,0),(123,2,5,0),(124,2,0,0),(125,115,140,0),(126,0,0,0),(127,33,15,0),(128,0,193,0),(129,0,0,0),(130,0,83,0),(131,0,0,0),(132,0,1,0),(133,15,0,2),(134,67,90,0),(135,32,248,0),(136,18,3,0),(137,0,0,0),(138,0,0,0),(139,0,0,0),(140,59,6,0),(141,0,0,0),(142,11,4,0),(143,20,22,0),(144,0,0,0),(145,7,10,7),(146,11,0,0),(147,257,380,0),(148,169,226,2),(149,0,0,0),(150,14,202,0),(151,80,325,0),(152,0,189,0),(153,0,1,0),(154,104,255,0),(155,47,177,0),(156,67,17,0),(157,32,297,0),(158,6,0,0),(159,0,112,0),(160,38,1,5),(162,6,1,0),(163,24,3,0),(164,38,6,0),(165,45,143,0),(166,11,22,0),(167,145,383,0),(168,108,72,0),(169,24,4,0),(170,5,7,0),(171,39,41,0),(172,0,1,0),(173,0,15,0),(174,235,229,0),(175,36,23,0),(176,0,307,0),(177,4,1,0),(178,11,16,0),(179,31,0,0),(180,0,0,0),(181,168,264,0),(182,0,3,0),(183,44,11,0),(184,0,25,0),(185,0,0,0),(186,0,0,0),(187,0,0,0),(188,0,0,0),(189,76,226,0),(190,0,0,0),(191,0,0,0),(192,0,1,0),(193,30,23,0),(194,69,41,1),(195,337,619,45),(196,315,236,0),(197,69,40,87),(198,259,413,92),(199,7,266,0),(200,47,43,54),(201,0,1,0),(202,66,88,0),(203,173,100,80),(204,0,0,0),(205,0,162,0),(206,31,13,22),(207,34,27,76),(208,12,0,57),(209,96,40,6),(210,111,9,34),(211,1,0,0),(212,0,0,0),(213,0,0,0),(214,73,71,0),(215,68,47,8),(216,25,0,0),(217,154,46,0),(218,157,44,67),(219,0,2,11),(220,11,13,26),(221,8,0,42),(222,14,0,17),(223,282,311,75),(224,0,0,0),(225,3,242,0),(226,4,1,0),(227,0,0,0),(228,106,187,54),(229,45,43,102),(230,5,156,0),(231,100,32,10),(232,8,2,15),(233,134,45,58),(234,32,7,98),(235,44,29,44),(236,1,0,0),(237,1,1,0),(238,196,96,0),(239,0,29,0),(240,38,1,91),(241,0,0,1),(242,0,2,0),(243,2,0,0),(244,119,119,80),(245,9,0,12),(246,253,434,0),(247,288,58,29),(248,8,0,43),(249,0,4,26),(250,37,24,31),(251,21,113,89),(252,0,0,0),(253,0,0,4),(254,4,0,4),(255,0,0,0),(256,0,0,0),(257,0,31,0),(258,8,55,3),(259,0,58,0),(260,18,11,1),(261,42,19,0),(262,0,3,0),(263,60,0,0),(264,237,44,0),(265,21,0,0),(266,12,5,8),(267,107,136,4),(268,1,0,0),(269,9,0,0),(270,1,0,0),(271,4,0,0),(272,0,0,0),(273,81,82,9),(274,20,4,0),(275,140,123,0),(276,203,16,0),(277,0,0,0),(278,26,13,4),(279,0,0,0),(280,0,27,0),(281,23,24,0),(282,29,14,0),(283,173,60,9),(284,147,87,9),(285,23,0,0),(286,0,1,0),(287,99,51,0),(288,126,160,0),(289,53,0,0),(290,0,0,0),(291,289,362,28),(292,0,85,0),(293,10,110,0),(294,46,53,0),(295,0,2,0),(296,20,71,0),(297,158,431,0),(298,28,24,0),(299,18,233,0),(300,0,0,0),(301,37,22,0),(302,137,20,8),(303,201,218,0),(304,89,130,0),(305,103,30,0),(306,2,5,0),(307,4,3,0),(308,0,0,0),(309,0,0,0),(310,0,1,0),(376,0,0,0),(377,0,0,0),(378,75,38,3),(379,273,292,65),(380,0,0,0),(381,0,27,0),(382,5,13,0),(383,100,16,13),(384,0,0,0),(385,0,0,0),(386,0,7,0),(387,50,1,80),(388,95,45,0),(389,266,390,7),(390,0,0,0),(391,3,2,0),(392,0,0,0),(393,148,396,89),(394,0,0,0),(395,0,2,0),(396,0,0,0),(397,70,75,0),(398,0,170,0),(399,2,0,0),(400,192,80,0),(401,1,0,0),(402,0,0,0),(403,59,7,26),(404,106,123,1),(405,0,0,0),(406,0,0,0),(407,50,43,9),(408,9,1,0),(409,5,2,0),(410,45,32,13),(411,148,217,57),(412,18,8,0),(413,393,421,11),(414,0,4,0),(415,0,1,0),(416,30,121,0),(417,14,0,0),(418,8,0,0),(419,272,330,0),(420,72,17,24),(421,0,1,0),(422,0,0,0),(423,0,0,0),(424,2,4,0),(425,0,0,0),(426,10,0,0),(427,77,3,12),(428,0,1,0),(429,0,28,0),(430,7,9,5),(431,12,0,8),(432,0,25,0),(433,115,49,14),(434,20,40,0),(435,193,114,0),(436,0,0,0),(437,0,0,0),(438,39,106,0),(439,83,93,0),(440,32,85,0),(441,6,24,0),(442,60,7,15),(443,0,0,0),(444,225,405,0),(445,0,0,0),(446,4,0,0),(447,90,93,0),(448,39,45,0),(449,29,53,0),(450,199,86,79),(451,48,1,2),(452,98,113,0),(453,0,0,0),(454,0,0,0),(455,0,0,0),(456,1,235,0),(457,0,2,0),(458,44,0,53),(459,40,0,0),(460,73,21,67),(461,79,84,11),(462,0,0,3),(463,0,0,0),(464,0,2,0),(465,0,0,0),(466,0,0,0),(467,30,5,3),(468,0,2,0),(469,8,10,0),(470,51,33,0),(471,14,9,0),(472,0,0,0),(473,0,0,0),(474,0,17,0),(475,0,1,0),(476,30,125,0),(477,71,85,0),(478,0,70,0),(479,0,1,0),(480,118,32,0),(481,16,23,0),(482,105,103,6),(483,130,131,0),(484,0,0,0),(485,227,519,0),(486,8,20,0),(487,0,0,2),(488,60,165,5),(489,158,73,16),(490,17,51,0),(491,82,36,9),(492,157,376,0),(493,1,1,1);
/*!40000 ALTER TABLE `bowling_stats` ENABLE KEYS */;
UNLOCK TABLES;

--
-- Table structure for table `franchise`
--

DROP TABLE IF EXISTS `franchise`;
CREATE TABLE `franchise` (
  `team_id` int(11) NOT NULL auto_increment,
  `name` varchar(45) NOT NULL,
  `owner_name` varchar(45) default NULL,
  `balance_amount` bigint(20) NOT NULL,
  `city` varchar(45) NOT NULL,
  `coach_name` varchar(45) default NULL,
  `foreign_players_count` int(11) default '0',
  `indian_players_count` int(11) default '0',
  PRIMARY KEY  (`team_id`)
) ENGINE=InnoDB DEFAULT CHARSET=utf8;

--
-- Dumping data for table `franchise`
--

LOCK TABLES `franchise` WRITE;
/*!40000 ALTER TABLE `franchise` DISABLE KEYS */;
INSERT INTO `franchise` VALUES (1,'Sun Risers','Kalanidhi Maran',110000000,'Hyderabad','Tom Moody',0,0),(2,'Mumbai Indians','Mukesh Ambani',110000000,'Mumbai','John Wright',0,0),(3,'Kolkata Knight Riders','Shahrukh Khan',110000000,'Kolakata','Trevor Bayliss',0,0),(4,'Chennai Super Kings','N. Srinivasan',110000000,'Chennai','Stephen Fleming',0,0);
/*!40000 ALTER TABLE `franchise` ENABLE KEYS */;
UNLOCK TABLES;

--
-- Table structure for table `player`
--

DROP TABLE IF EXISTS `player`;
CREATE TABLE `player` (
  `player_id` int(11) NOT NULL auto_increment,
  `name` varchar(45) NOT NULL,
  `country` varchar(45) NOT NULL,
  `baseprice` bigint(20) NOT NULL,
  `type` varchar(45) NOT NULL,
  `sold_price` bigint(20) default '0',
  `team_id` int(11) default NULL,
  PRIMARY KEY  (`player_id`),
  KEY `player_fk1` (`team_id`),
  CONSTRAINT `player_fk1` FOREIGN KEY (`team_id`) REFERENCES `franchise` (`team_id`) ON DELETE SET NULL ON UPDATE SET NULL
) ENGINE=InnoDB DEFAULT CHARSET=utf8;

--
-- Dumping data for table `player`
--

LOCK TABLES `player` WRITE;
/*!40000 ALTER TABLE `player` DISABLE KEYS */;
INSERT INTO `player` VALUES (1,'Nathan Reardon','AUS',500000,'Batsman',0,NULL),(2,'Carl Rackemann','AUS',2000000,'Bowler',0,NULL),(3,'Stuart Clark','AUS',2000000,'Bowler',0,NULL),(4,'Adam Gilchrist','AUS',8000000,'Wicket Keeper',0,NULL),(5,'Doug Bollinger','AUS',2000000,'Bowler',0,NULL),(6,'Cameron Boyce','AUS',500000,'Bowler',0,NULL),(7,'Jason Gillespie','AUS',5000000,'Bowler',0,NULL),(8,'Phillip Hughes','AUS',1000000,'Batsman',0,NULL),(9,'Kane Richardson','AUS',500000,'Bowler',0,NULL),(10,'Shane Warne','AUS',10000000,'Bowler',0,NULL),(11,'Ben Cutting','AUS',500000,'Bowler',0,NULL),(12,'Sean Abbott','AUS',500000,'Bowler',0,NULL),(13,'Shaun Tait','AUS',1000000,'Bowler',0,NULL),(14,'James Hopes','AUS',1000000,'All Rounder',0,NULL),(15,'Brad Hogg','AUS',2000000,'Bowler',0,NULL),(16,'Stephen O\'Keefe','AUS',500000,'Bowler',0,NULL),(17,'Nic Maddinson','AUS',500000,'Batsman',0,NULL),(18,'Michael Hussey','AUS',5000000,'Batsman',0,NULL),(19,'Arthur Mailey','AUS',1000000,'Bowler',0,NULL),(20,'Brett Lee','AUS',10000000,'Bowler',0,NULL),(21,'Mark Taylor','AUS',3000000,'Batsman',0,NULL),(22,'Michael Clarke','AUS',8000000,'Batsman',0,NULL),(23,'Don Bradman','AUS',5000000,'Batsman',0,NULL),(24,'Alan Hurst','AUS',1000000,'Bowler',0,NULL),(25,'Cameron White','AUS',1000000,'Batsman',0,NULL),(26,'Nathan Bracken','AUS',2000000,'Bowler',0,NULL),(27,'Ken Macleay','AUS',500000,'Bowler',0,NULL),(28,'Joe Burns','AUS',500000,'Batsman',0,NULL),(29,'James Faulkner','AUS',1000000,'All Rounder',0,NULL),(30,'Nathan Lyon','AUS',2000000,'Bowler',0,NULL),(31,'Brad Hodge','AUS',1000000,'Batsman',0,NULL),(32,'Dirk Nannes','AUS',1000000,'Bowler',0,NULL),(33,'Josh Hazlewood','AUS',500000,'Bowler',0,NULL),(34,'Stuart MacGill','AUS',3000000,'Bowler',0,NULL),(35,'Glenn McGrath','AUS',10000000,'Bowler',0,NULL),(36,'Mark Waugh','AUS',8000000,'Batsman',0,NULL),(37,'Steve Waugh','AUS',8000000,'Batsman',0,NULL),(38,'Garth McKenzie','AUS',3000000,'Bowler',0,NULL),(39,'Peter Siddle','AUS',3000000,'Bowler',0,NULL),(40,'Aaron Finch','AUS',1000000,'Batsman',0,NULL),(41,'Matthew Wade','AUS',1000000,'Wicket Keeper',0,NULL),(42,'Andrew Symonds','AUS',2000000,'All Rounder',0,NULL),(43,'Craig McDermott','AUS',5000000,'Bowler',0,NULL),(44,'Allan Border','AUS',5000000,'Batsman',0,NULL),(45,'Nathan Coulter-Nile','AUS',500000,'Bowler',0,NULL),(46,'Shane Watson','AUS',3000000,'All Rounder',0,NULL),(47,'Chris Rogers','AUS',1000000,'Batsman',0,NULL),(48,'Nathan Hauritz','AUS',2000000,'Bowler',0,NULL),(49,'Mitchell Marsh','AUS',500000,'All Rounder',0,NULL),(50,'Simon O\'Donnell','AUS',2000000,'Bowler',0,NULL),(51,'Matthew Hayden','AUS',8000000,'Batsman',0,NULL),(52,'Pat Cummins','AUS',500000,'Bowler',0,NULL),(53,'Shaun Marsh','AUS',2000000,'Batsman',0,NULL),(54,'Ricky Ponting','AUS',10000000,'Batsman',0,NULL),(55,'Glenn Maxwell','AUS',1000000,'All Rounder',0,NULL),(56,'Alex Doolan','AUS',500000,'Wicket Keeper',0,NULL),(57,'Doug Walters','AUS',3000000,'Batsman',0,NULL),(58,'Ryan Harris','AUS',3000000,'Bowler',0,NULL),(59,'Darren Lehmann','AUS',2000000,'All Rounder',0,NULL),(60,'Michael Slater','AUS',3000000,'Batsman',0,NULL),(61,'Andrew Bichel','AUS',2000000,'Bowler',0,NULL),(62,'Ben Dunk','AUS',500000,'Wicket Keeper',0,NULL),(63,'Tim Paine','AUS',1000000,'Wicket Keeper',0,NULL),(64,'Gurinder Sandhu','AUS',500000,'Bowler',0,NULL),(65,'Mitchell Johnson','AUS',8000000,'Bowler',0,NULL),(66,'Brad Haddin','AUS',2000000,'Wicket Keeper',0,NULL),(67,'Damien Martyn','AUS',3000000,'Batsman',0,NULL),(68,'George Bailey','AUS',1000000,'Batsman',0,NULL),(69,'Xavier Doherty','AUS',1000000,'Bowler',0,NULL),(70,'Michael Kasprowicz','AUS',2000000,'Bowler',0,NULL),(71,'Jason Krejza','AUS',500000,'Bowler',0,NULL),(72,'Steven Smith','AUS',2000000,'All Rounder',0,NULL),(73,'Simon Katich','AUS',3000000,'Batsman',0,NULL),(74,'Mitchell Starc','AUS',2000000,'Bowler',0,NULL),(75,'David Warner','AUS',3000000,'Batsman',0,NULL),(76,'Brad Williams','AUS',1000000,'Bowler',0,NULL),(120,'Dimitri Mascarenhas','ENG',1000000,'All Rounder',0,NULL),(121,'Paul Collingwood','ENG',3000000,'All Rounder',0,NULL),(122,'Ryan Sidebottom','ENG',2000000,'Bowler',0,NULL),(123,'Jonathan Trott','ENG',3000000,'Batsman',0,NULL),(124,'Graham Thorpe','ENG',3000000,'Batsman',0,NULL),(125,'Phillip DeFreitas','ENG',3000000,'Bowler',0,NULL),(126,'Gary Ballance','ENG',1000000,'Batsman',0,NULL),(127,'Chris Jordan','ENG',1000000,'Bowler',0,NULL),(128,'Jim Laker','ENG',2000000,'Bowler',0,NULL),(129,'Dennis Amiss','ENG',3000000,'Batsman',0,NULL),(130,'Wally Hammond','ENG',5000000,'All Rounder',0,NULL),(131,'Alec Stewart','ENG',3000000,'Batsman',0,NULL),(132,'Allan Lamb','ENG',3000000,'Batsman',0,NULL),(133,'Luke Wright','ENG',500000,'All Rounder',0,NULL),(134,'Steven Finn','ENG',2000000,'Bowler',0,NULL),(135,'Matthew Hoggard','ENG',3000000,'Bowler',0,NULL),(136,'Jon Lewis','ENG',500000,'Bowler',0,NULL),(137,'Jos Buttler','ENG',1000000,'Wicket Keeper',0,NULL),(138,'Eoin Morgan','ENG',2000000,'Batsman',0,NULL),(139,'Jason Roy','ENG',500000,'Batsman',0,NULL),(140,'James Tredwell','ENG',1000000,'Bowler',0,NULL),(141,'Eddie Paynter','ENG',1000000,'Batsman',0,NULL),(142,'Joe Root','ENG',2000000,'Batsman',0,NULL),(143,'Ben Stokes','ENG',1000000,'All Rounder',0,NULL),(144,'Robin Smith','ENG',3000000,'Batsman',0,NULL),(145,'Kevin Pietersen','ENG',8000000,'Batsman',0,NULL),(146,'Harry Gurney','ENG',500000,'Bowler',0,NULL),(147,'James Anderson','ENG',8000000,'Bowler',0,NULL),(148,'Andrew Flintoff','ENG',5000000,'All Rounder',0,NULL),(149,'Matt Prior','ENG',2000000,'Wicket Keeper',0,NULL),(150,'John Snow','ENG',3000000,'Bowler',0,NULL),(151,'Bob Willis','ENG',5000000,'Bowler',0,NULL),(152,'Sydney Barnes','ENG',2000000,'Bowler',0,NULL),(153,'David Gower','ENG',5000000,'Batsman',0,NULL),(154,'Graeme Swann','ENG',5000000,'Bowler',0,NULL),(155,'Angus Fraser','ENG',3000000,'Bowler',0,NULL),(156,'Mark Ealham','ENG',1000000,'Bowler',0,NULL),(157,'Derek Underwood','ENG',5000000,'Bowler',0,NULL),(158,'Neil Smith','ENG',500000,'Bowler',0,NULL),(159,'George Lohmann','ENG',2000000,'Bowler',0,NULL),(160,'Ravi Bopara','ENG',1000000,'All Rounder',0,NULL),(162,'Ian Bell','ENG',5000000,'Batsman',0,NULL),(163,'Ronnie Irani','ENG',1000000,'Bowler',0,NULL),(164,'Chris Woakes','ENG',1000000,'Bowler',0,NULL),(165,'Chris Old','ENG',2000000,'Bowler',0,NULL),(166,'Moeen Ali','ENG',1000000,'All Rounder',0,NULL),(167,'Ian Botham','ENG',8000000,'All Rounder',0,NULL),(168,'Tim Bresnan','ENG',2000000,'All Rounder',0,NULL),(169,'Samit Patel','ENG',1000000,'All Rounder',0,NULL),(170,'Geoff Boycott','ENG',5000000,'Batsman',0,NULL),(171,'Liam Plunkett','ENG',1000000,'Bowler',0,NULL),(172,'Alastair Cook','ENG',5000000,'Batsman',0,NULL),(173,'Mark Butcher','ENG',2000000,'Batsman',0,NULL),(174,'Darren Gough','ENG',5000000,'Bowler',0,NULL),(175,'Graham Gooch','ENG',5000000,'Batsman',0,NULL),(176,'Fred Trueman','ENG',5000000,'Bowler',0,NULL),(177,'Marcus Trescothick','ENG',5000000,'Batsman',0,NULL),(178,'Richard Johnson','ENG',1000000,'Bowler',0,NULL),(179,'Jade Dernbach','ENG',1000000,'Bowler',0,NULL),(180,'Nasser Hussain','ENG',3000000,'Batsman',0,NULL),(181,'Stuart Broad','ENG',5000000,'Bowler',0,NULL),(182,'Len Hutton','ENG',3000000,'Batsman',0,NULL),(183,'Vic Marks','ENG',1000000,'Bowler',0,NULL),(184,'Denis Compton','ENG',3000000,'Batsman',0,NULL),(185,'James Taylor','ENG',500000,'Batsman',0,NULL),(186,'Sam Robson','ENG',1000000,'Batsman',0,NULL),(187,'Andy Sandham','ENG',1000000,'Batsman',0,NULL),(188,'Craig Kieswetter','ENG',1000000,'Wicket Keeper',0,NULL),(189,'Stephen Harmison','ENG',5000000,'Bowler',0,NULL),(190,'Andrew Strauss','ENG',5000000,'Batsman',0,NULL),(191,'Alex Hales','ENG',500000,'Batsman',0,NULL),(192,'Jack Hobbs','ENG',3000000,'Batsman',0,NULL),(193,'Graeme Hick','ENG',3000000,'Batsman',0,NULL),(194,'Sunil Joshi','IND',2000000,'Bowler',0,NULL),(195,'Anil Kumble','IND',10000000,'Bowler',0,NULL),(196,'Javagal Srinath','IND',8000000,'Bowler',0,NULL),(197,'RP Singh','IND',2000000,'Bowler',0,NULL),(198,'Harbhajan Singh','IND',10000000,'Bowler',0,NULL),(199,'Bishan Bedi','IND',3000000,'Bowler',0,NULL),(200,'Umesh Yadav','IND',2000000,'Bowler',0,NULL),(201,'Murali Vijay','IND',2000000,'Batsman',0,NULL),(202,'Maninder Singh','IND',2000000,'Bowler',0,NULL),(203,'Irfan Pathan','IND',5000000,'All Rounder',0,NULL),(204,'Kedar Jadhav','IND',500000,'Batsman',0,NULL),(205,'Vinoo Mankad','IND',2000000,'Batsman',0,NULL),(206,'Suresh Raina','IND',2000000,'Batsman',0,NULL),(207,'Lakshmipathy Balaji','IND',2000000,'Bowler',0,NULL),(208,'Ashok Dinda','IND',1000000,'Bowler',0,NULL),(209,'Virender Sehwag','IND',8000000,'Batsman',0,NULL),(210,'Yuvraj Singh','IND',3000000,'All Rounder',0,NULL),(211,'MS Dhoni','IND',3000000,'Wicket Keeper',0,NULL),(212,'Wriddhiman Saha','IND',1000000,'Wicket Keeper',0,NULL),(213,'Lokesh Rahul','IND',1000000,'Wicket Keeper',0,NULL),(214,'Madan Lal Sr.','IND',2000000,'Bowler',0,NULL),(215,'Mohammed Shami','IND',2000000,'Bowler',0,NULL),(216,'Kris Srikkanth','IND',2000000,'Batsman',0,NULL),(217,'Sachin Tendulkar','IND',10000000,'Batsman',0,NULL),(218,'Ashish Nehra','IND',3000000,'Bowler',0,NULL),(219,'Pankaj Singh','IND',500000,'Bowler',0,NULL),(220,'Varun Aaron','IND',1000000,'Bowler',0,NULL),(221,'Dhawal Kulkarni','IND',1000000,'Bowler',0,NULL),(222,'Axar Patel','IND',1000000,'All Rounder',0,NULL),(223,'Zaheer Khan','IND',8000000,'Bowler',0,NULL),(224,'Gautam Gambhir','IND',3000000,'Batsman',0,NULL),(225,'Bhagwat Chandrasekhar','IND',3000000,'Bowler',0,NULL),(226,'Rahul Dravid','IND',10000000,'Batsman',0,NULL),(227,'Cheteshwar Pujara','IND',2000000,'Batsman',0,NULL),(228,'Ishant Sharma','IND',5000000,'Bowler',0,NULL),(229,'Amit Mishra','IND',2000000,'Bowler',0,NULL),(230,'Srinivas Venkataraghavan','IND',2000000,'Bowler',0,NULL),(231,'Sourav Ganguly','IND',8000000,'Batsman',0,NULL),(232,'Rohit Sharma','IND',2000000,'Batsman',0,NULL),(233,'Ravindra Jadeja','IND',3000000,'All Rounder',0,NULL),(234,'Piyush Chawla','IND',2000000,'Bowler',0,NULL),(235,'Bhuvneshwar Kumar','IND',2000000,'Bowler',0,NULL),(236,'Vinod Kambli','IND',2000000,'Batsman',0,NULL),(237,'Sunil Gavaskar','IND',8000000,'Batsman',0,NULL),(238,'Venkatesh Prasad','IND',3000000,'Bowler',0,NULL),(239,'Jasu Patel','IND',1000000,'Bowler',0,NULL),(240,'Vinay Kumar','IND',2000000,'Bowler',0,NULL),(241,'Ajinkya Rahane','IND',2000000,'Batsman',0,NULL),(242,'VVS Laxman','IND',5000000,'Batsman',0,NULL),(243,'Ambati Rayudu','IND',1000000,'Wicket Keeper',0,NULL),(244,'Ravichandran Ashwin','IND',5000000,'Bowler',0,NULL),(245,'Stuart Binny','IND',500000,'All Rounder',0,NULL),(246,'Kapil Dev','IND',8000000,'Batsman',0,NULL),(247,'Ajit Agarkar','IND',5000000,'Bowler',0,NULL),(248,'Mohit Sharma','IND',1000000,'Bowler',0,NULL),(249,'Karn Sharma','IND',1000000,'Bowler',0,NULL),(250,'Murali Kartik','IND',1000000,'Bowler',0,NULL),(251,'Pragyan Ojha','IND',3000000,'Bowler',0,NULL),(252,'Robin Uthappa','IND',500000,'Wicket Keeper',0,NULL),(253,'Shikhar Dhawan','IND',2000000,'Batsman',0,NULL),(254,'Virat Kohli','IND',8000000,'Batsman',0,NULL),(255,'Tom Latham','NZ',1000000,'Wicket Keeper',0,NULL),(256,'John Wright','NZ',3000000,'Batsman',0,NULL),(257,'Mark Craig','NZ',1000000,'Bowler',0,NULL),(258,'Doug Bracewell','NZ',1000000,'Bowler',0,NULL),(259,'Neil Wagner','NZ',1000000,'Bowler',0,NULL),(260,'Jimmy Neesham','NZ',1000000,'All Rounder',0,NULL),(261,'Shane Thomson','NZ',1000000,'Batsman',0,NULL),(262,'Aaron Redmond','NZ',500000,'Batsman',0,NULL),(263,'Mitchell McClenaghan','NZ',1000000,'Bowler',0,NULL),(264,'Kyle Mills','NZ',3000000,'Bowler',0,NULL),(265,'Matt Henry','NZ',500000,'Bowler',0,NULL),(266,'Jesse Ryder','NZ',2000000,'Batsman',0,NULL),(267,'Tim Southee','NZ',3000000,'Bowler',0,NULL),(268,'Lou Vincent','NZ',2000000,'Batsman',0,NULL),(269,'Adam Milne','NZ',500000,'Bowler',0,NULL),(270,'Stephen Fleming','NZ',3000000,'Batsman',0,NULL),(271,'Anton Devcich','NZ',500000,'All Rounder',0,NULL),(272,'Matthew Horne','NZ',1000000,'Batsman',0,NULL),(273,'James Franklin','NZ',2000000,'All Rounder',0,NULL),(274,'Grant Elliott','NZ',1000000,'All Rounder',0,NULL),(275,'Ewen Chatfield','NZ',3000000,'Bowler',0,NULL),(276,'Chris Harris','NZ',3000000,'All Rounder',0,NULL),(277,'Craig Spearman','NZ',1000000,'Batsman',0,NULL),(278,'Corey Anderson','NZ',1000000,'All Rounder',0,NULL),(279,'Luke Ronchi','NZ',500000,'Wicket Keeper',0,NULL),(280,'Ish Sodhi','NZ',1000000,'Bowler',0,NULL),(281,'Kane Williamson','NZ',3000000,'Batsman',0,NULL),(282,'Martin Crowe','NZ',5000000,'Batsman',0,NULL),(283,'Jacob Oram','NZ',3000000,'All Rounder',0,NULL),(284,'Shane Bond','NZ',3000000,'Bowler',0,NULL),(285,'Hamish Bennett','NZ',500000,'Bowler',0,NULL),(286,'Brendon McCullum','NZ',3000000,'Wicket Keeper',0,NULL),(287,'Nathan Astle','NZ',5000000,'Batsman',0,NULL),(288,'Danny Morrison','NZ',3000000,'Bowler',0,NULL),(289,'Nathan McCullum','NZ',1000000,'All Rounder',0,NULL),(290,'Hamish Rutherford','NZ',1000000,'Batsman',0,NULL),(291,'Daniel Vettori','NZ',8000000,'All Rounder',0,NULL),(292,'John Reid Sr.','NZ',2000000,'Batsman',0,NULL),(293,'Trent Boult','NZ',2000000,'Bowler',0,NULL),(294,'Shayne O\'Connor','NZ',1000000,'Bowler',0,NULL),(295,'Ross Taylor','NZ',5000000,'Batsman',0,NULL),(296,'Dayle Hadlee','NZ',1000000,'Bowler',0,NULL),(297,'Richard Hadlee','NZ',8000000,'Batsman',0,NULL),(298,'Ian Butler','NZ',1000000,'Bowler',0,NULL),(299,'Chris Martin','NZ',3000000,'Bowler',0,NULL),(300,'Mathew Sinclair','NZ',1000000,'Wicket Keeper',0,NULL),(301,'Mark Gillespie','NZ',1000000,'Bowler',0,NULL),(302,'Scott Styris','NZ',2000000,'All Rounder',0,NULL),(303,'Chris Cairns','NZ',5000000,'All Rounder',0,NULL),(304,'Lance Cairns','NZ',3000000,'Bowler',0,NULL),(305,'Chris Pringle','NZ',2000000,'Bowler',0,NULL),(306,'Martin Guptill','NZ',2000000,'Batsman',0,NULL),(307,'Roger Twose','NZ',1000000,'Batsman',0,NULL),(308,'Glenn Turner','NZ',2000000,'Batsman',0,NULL),(309,'Bradley Watling','NZ',1000000,'Wicket Keeper',0,NULL),(310,'Dean Brownlie','NZ',1000000,'Batsman',0,NULL),(376,'Herschelle Gibbs','SA',8000000,'Batsman',0,NULL),(377,'Kagiso Rabada','SA',500000,'Bowler',0,NULL),(378,'Robin Peterson','SA',2000000,'Bowler',0,NULL),(379,'Jacques Kallis','SA',10000000,'All Rounder',0,NULL),(380,'Quinton de Kock','SA',2000000,'Wicket Keeper',0,NULL),(381,'Bruce Mitchell','SA',2000000,'Batsman',0,NULL),(382,'Kyle Abbott','SA',500000,'Bowler',0,NULL),(383,'Charl Langeveldt','SA',2000000,'Bowler',0,NULL),(384,'Richard Levi','SA',500000,'Batsman',0,NULL),(385,'Loots Bosman','SA',500000,'Batsman',0,NULL),(386,'Simon Harmer','SA',500000,'Bowler',0,NULL),(387,'Albie Morkel','SA',2000000,'All Rounder',0,NULL),(388,'Andrew Hall','SA',2000000,'All Rounder',0,NULL),(389,'Makhaya Ntini','SA',8000000,'Bowler',0,NULL),(390,'Temba Bavuma','SA',500000,'Batsman',0,NULL),(391,'AB de Villiers','SA',8000000,'Wicket Keeper',0,NULL),(392,'Andrew Hudson','SA',2000000,'Batsman',0,NULL),(393,'Dale Steyn','SA',8000000,'Bowler',0,NULL),(394,'David Miller','SA',1000000,'Batsman',0,NULL),(395,'Gary Kirsten','SA',8000000,'Batsman',0,NULL),(396,'Hashim Amla','SA',8000000,'Batsman',0,NULL),(397,'Brian McMillan','SA',2000000,'Batsman',0,NULL),(398,'Hugh Tayfield','SA',2000000,'Bowler',0,NULL),(399,'Faf du Plessis','SA',2000000,'Batsman',0,NULL),(400,'Lance Klusener','SA',3000000,'All Rounder',0,NULL),(401,'Rilee Rossouw','SA',500000,'Batsman',0,NULL),(402,'Reeza Hendricks','SA',500000,'Batsman',0,NULL),(403,'Wayne Parnell','SA',1000000,'Bowler',0,NULL),(404,'Andre Nel','SA',3000000,'Bowler',0,NULL),(405,'Neil McKenzie','SA',2000000,'Batsman',0,NULL),(406,'David Wiese','SA',500000,'All Rounder',0,NULL),(407,'Imran Tahir','SA',2000000,'Bowler',0,NULL),(408,'Justin Ontong','SA',500000,'All Rounder',0,NULL),(409,'Daryll Cullinan','SA',3000000,'Batsman',0,NULL),(410,'JP Duminy','SA',2000000,'Batsman',0,NULL),(411,'Morne Morkel','SA',5000000,'Bowler',0,NULL),(412,'Graeme Smith','SA',8000000,'Batsman',0,NULL),(413,'Shaun Pollock','SA',10000000,'All Rounder',0,NULL),(414,'Graeme Pollock','SA',2000000,'Batsman',0,NULL),(415,'Mark Boucher','SA',2000000,'Wicket Keeper',0,NULL),(416,'Vernon Philander','SA',2000000,'All Rounder',0,NULL),(417,'Aaron Phangiso','SA',500000,'Bowler',0,NULL),(418,'Farhaan Behardien','SA',500000,'Batsman',0,NULL),(419,'Allan Donald','SA',8000000,'Bowler',0,NULL),(420,'Johan Botha','SA',2000000,'All Rounder',0,NULL),(421,'Alviro Petersen','SA',1000000,'Batsman',0,NULL),(422,'Colin Ingram','SA',1000000,'Batsman',0,NULL),(423,'Boeta Dippenaar','SA',2000000,'Batsman',0,NULL),(424,'Dean Elgar','SA',1000000,'Batsman',0,NULL),(425,'Morne van Wyk','SA',500000,'Wicket Keeper',0,NULL),(426,'David Callaghan','SA',1000000,'Batsman',0,NULL),(427,'Ryan McLaren','SA',1000000,'All Rounder',0,NULL),(428,'Stiaan van Zyl','SA',1000000,'Batsman',0,NULL),(429,'Goofy Lawrence','SA',1000000,'Bowler',0,NULL),(430,'Marchant de Lange','SA',500000,'Bowler',0,NULL),(431,'Rusty Theron','SA',500000,'Bowler',0,NULL),(432,'Shannon Gabriel','WI',500000,'Bowler',0,NULL),(433,'Ravi Rampaul','WI',2000000,'Bowler',0,NULL),(434,'Devendra Bishoo','WI',1000000,'Bowler',0,NULL),(435,'Carl Hooper','WI',5000000,'Batsman',0,NULL),(436,'Darren Bravo','WI',2000000,'Batsman',0,NULL),(437,'Denesh Ramdin','WI',2000000,'Wicket Keeper',0,NULL),(438,'Pedro Collins','WI',2000000,'Bowler',0,NULL),(439,'Corey Collymore','WI',2000000,'Bowler',0,NULL),(440,'Sulieman Benn','WI',2000000,'Bowler',0,NULL),(441,'Narsingh Deonarine','WI',1000000,'Batsman',0,NULL),(442,'Dwayne Smith','WI',1000000,'All Rounder',0,NULL),(443,'Kirk Edwards','WI',1000000,'Batsman',0,NULL),(444,'Curtly Ambrose','WI',8000000,'Bowler',0,NULL),(445,'Ashley Nurse','WI',500000,'Bowler',0,NULL),(446,'Brian Lara','WI',10000000,'Batsman',0,NULL),(447,'Patrick Patterson','WI',2000000,'Bowler',0,NULL),(448,'Winston Davis','WI',1000000,'Bowler',0,NULL),(449,'Franklyn Rose','WI',1000000,'Bowler',0,NULL),(450,'Dwayne Bravo','WI',5000000,'All Rounder',0,NULL),(451,'Andre Russell','WI',1000000,'All Rounder',0,NULL),(452,'Kemar Roach','WI',3000000,'Bowler',0,NULL),(453,'Seymour Nurse','WI',2000000,'Batsman',0,NULL),(454,'Xavier Marshall','WI',1000000,'Batsman',0,NULL),(455,'Andre Fletcher','WI',500000,'Wicket Keeper',0,NULL),(456,'Gary Sobers','WI',5000000,'All Rounder',0,NULL),(457,'Sheldon Cottrell','WI',500000,'Bowler',0,NULL),(458,'Kieron Pollard','WI',1000000,'All Rounder',0,NULL),(459,'Nikita Miller','WI',1000000,'Bowler',0,NULL),(460,'Sunil Narine','WI',2000000,'Bowler',0,NULL),(461,'Darren Sammy','WI',2000000,'All Rounder',0,NULL),(462,'Krishmar Santokie','WI',500000,'Bowler',0,NULL),(463,'Johnson Charles','WI',1000000,'Wicket Keeper',0,NULL),(464,'Kenroy Peters','WI',500000,'Bowler',0,NULL),(465,'Jonathan Carter','WI',500000,'Batsman',0,NULL),(466,'Leon Johnson','WI',500000,'Batsman',0,NULL),(467,'Jason Holder','WI',1000000,'Bowler',0,NULL),(468,'Jermaine Blackwood','WI',500000,'Batsman',0,NULL),(469,'Clive Lloyd','WI',3000000,'Batsman',0,NULL),(470,'Vasbert Drakes','WI',1000000,'Bowler',0,NULL),(471,'Shivnarine Chanderpaul','WI',10000000,'Batsman',0,NULL),(472,'Carlos Brathwaite','WI',500000,'All Rounder',0,NULL),(473,'Devon Smith','WI',1000000,'Batsman',0,NULL),(474,'Jack Noreiga','WI',500000,'Bowler',0,NULL),(475,'Desmond Haynes','WI',8000000,'Batsman',0,NULL),(476,'Colin Croft','WI',2000000,'Bowler',0,NULL),(477,'Daren Powell','WI',2000000,'Bowler',0,NULL),(478,'Shane Shillingford','WI',1000000,'Bowler',0,NULL),(479,'Kraigg Brathwaite','WI',1000000,'Batsman',0,NULL),(480,'Vivian Richards','WI',8000000,'All Rounder',0,NULL),(481,'Ramnaresh Sarwan','WI',3000000,'Batsman',0,NULL),(482,'Jerome Taylor','WI',3000000,'Bowler',0,NULL),(483,'Mervyn Dillon','WI',3000000,'Bowler',0,NULL),(484,'Rohan Kanhai','WI',3000000,'Wicket Keeper',0,NULL),(485,'Courtney Walsh','WI',10000000,'Bowler',0,NULL),(486,'Colin Stuart','WI',1000000,'Bowler',0,NULL),(487,'Samuel Badree','WI',500000,'Bowler',0,NULL),(488,'Fidel Edwards','WI',3000000,'Bowler',0,NULL),(489,'Chris Gayle','WI',8000000,'All Rounder',0,NULL),(490,'Jermaine Lawson','WI',1000000,'Bowler',0,NULL),(491,'Marlon Samuels','WI',3000000,'Batsman',0,NULL),(492,'Malcolm Marshall','WI',8000000,'Bowler',0,NULL),(493,'Lendl Simmons','WI',1000000,'Batsman',0,NULL);
/*!40000 ALTER TABLE `player` ENABLE KEYS */;
UNLOCK TABLES;

--
-- Table structure for table `rules`
--

DROP TABLE IF EXISTS `rules`;
CREATE TABLE `rules` (
  `rules_id` int(11) NOT NULL auto_increment,
  `max_foreign_players` int(11) NOT NULL,
  `min_indian_players` int(11) NOT NULL,
  `min_players` int(11) NOT NULL,
  `total_amount_per_fanchise` bigint(20) NOT NULL,
  PRIMARY KEY  (`rules_id`)
) ENGINE=InnoDB DEFAULT CHARSET=utf8;

--
-- Dumping data for table `rules`
--

LOCK TABLES `rules` WRITE;
/*!40000 ALTER TABLE `rules` DISABLE KEYS */;
INSERT INTO `rules` VALUES (1,11,14,16,110000000);
/*!40000 ALTER TABLE `rules` ENABLE KEYS */;
UNLOCK TABLES;
/*!40103 SET TIME_ZONE=@OLD_TIME_ZONE */;

/*!40101 SET SQL_MODE=@OLD_SQL_MODE */;
/*!40014 SET FOREIGN_KEY_CHECKS=@OLD_FOREIGN_KEY_CHECKS */;
/*!40014 SET UNIQUE_CHECKS=@OLD_UNIQUE_CHECKS */;
/*!40101 SET CHARACTER_SET_CLIENT=@OLD_CHARACTER_SET_CLIENT */;
/*!40101 SET CHARACTER_SET_RESULTS=@OLD_CHARACTER_SET_RESULTS */;
/*!40101 SET COLLATION_CONNECTION=@OLD_COLLATION_CONNECTION */;
/*!40111 SET SQL_NOTES=@OLD_SQL_NOTES */;

-- Dump completed on 2015-01-22  9:01:54
